"http://english.ctrip.com/hotels/beijing-hotel-detail-374787/novotel-beijing-xinqiao/?city=1&checkin=2016-08-27&checkout=2016-08-28&label=LNyebX179k2a9IojXPuZSw&salestype=3&page=1&position=1&minprice=486&room=9024758&mincurr=CNY&abValue=M:43160616_enh_lrmd:B;#ctm_ref=lst_n_1_1,374787",Novotel Beijing Xinqiao,374787,12285230,PP' 0'0''''1''1''0,Prepay now,Free cancellation before 18:00 Aug 25 2016,Immediate confirmation,CNY486,Promotion code,Free Wi-Fi,Free Internet,No Breakfast,2016-08-24 22:02:30
"http://english.ctrip.com/hotels/beijing-hotel-detail-374787/novotel-beijing-xinqiao/?city=1&checkin=2016-08-27&checkout=2016-08-28&label=LNyebX179k2a9IojXPuZSw&salestype=3&page=1&position=1&minprice=486&room=9024758&mincurr=CNY&abValue=M:43160616_enh_lrmd:B;#ctm_ref=lst_n_1_1,374787",Novotel Beijing Xinqiao,374787,8891659,FG' 0'0''''1''2''0,Pay at hotelPrepay now- Credit card guarantee,Gift,Non-refundableImmediate confirmation,CNY530,,Free Wi-Fi,Free Internet,No Breakfast,2016-08-24 22:02:31
"http://english.ctrip.com/hotels/beijing-hotel-detail-374787/novotel-beijing-xinqiao/?city=1&checkin=2016-08-27&checkout=2016-08-28&label=LNyebX179k2a9IojXPuZSw&salestype=3&page=1&position=1&minprice=486&room=9024758&mincurr=CNY&abValue=M:43160616_enh_lrmd:B;#ctm_ref=lst_n_1_1,374787",Novotel Beijing Xinqiao,374787,17622965,FG' 0'0''''1''3''0,Pay at hotelPrepay now- Credit card guarantee,Gift,Non-refundableImmediate confirmation,CNY530,Sale,Free Wi-Fi,Free Internet,No Breakfast,2016-08-24 22:02:31
"http://english.ctrip.com/hotels/beijing-hotel-detail-374787/novotel-beijing-xinqiao/?city=1&checkin=2016-08-27&checkout=2016-08-28&label=LNyebX179k2a9IojXPuZSw&salestype=3&page=1&position=1&minprice=486&room=9024758&mincurr=CNY&abValue=M:43160616_enh_lrmd:B;#ctm_ref=lst_n_1_1,374787",Novotel Beijing Xinqiao,374787,17690,FG' 22'0''''1''4''0,Pay at hotelPrepay now- Credit card guarantee,GiftEarn CNY 22 in Ctrip C-Money,Non-refundableImmediate confirmation,CNY589,C-Money,Free Wi-Fi,Free Internet,No Breakfast,2016-08-24 22:02:32
"http://english.ctrip.com/hotels/beijing-hotel-detail-374787/novotel-beijing-xinqiao/?city=1&checkin=2016-08-27&checkout=2016-08-28&label=LNyebX179k2a9IojXPuZSw&salestype=3&page=1&position=1&minprice=486&room=9024758&mincurr=CNY&abValue=M:43160616_enh_lrmd:B;#ctm_ref=lst_n_1_1,374787",Novotel Beijing Xinqiao,374787,13576750,FG' 0'0''''1''5''0,Pay at hotel- Credit card guarantee,Free cancellation before 00:00 Aug 26 2016,Confirmation within 14 hours,CNY590,,Free Wi-Fi,Free Internet,No Breakfast,2016-08-24 22:02:33
"http://english.ctrip.com/hotels/beijing-hotel-detail-374787/novotel-beijing-xinqiao/?city=1&checkin=2016-08-27&checkout=2016-08-28&label=LNyebX179k2a9IojXPuZSw&salestype=3&page=1&position=1&minprice=486&room=9024758&mincurr=CNY&abValue=M:43160616_enh_lrmd:B;#ctm_ref=lst_n_1_1,374787",Novotel Beijing Xinqiao,374787,12303965,PP' 0'0''''1''6''0,Prepay now,Free cancellation before 18:00 Aug 25 2016,Immediate confirmation,CNY617,Promotion code,Free Wi-Fi,Free Internet,Breakfast,2016-08-24 22:02:33
"http://english.ctrip.com/hotels/beijing-hotel-detail-374787/novotel-beijing-xinqiao/?city=1&checkin=2016-08-27&checkout=2016-08-28&label=LNyebX179k2a9IojXPuZSw&salestype=3&page=1&position=1&minprice=486&room=9024758&mincurr=CNY&abValue=M:43160616_enh_lrmd:B;#ctm_ref=lst_n_1_1,374787",Novotel Beijing Xinqiao,374787,286292,FG' 25'0''''2''1''0,Pay at hotelPrepay now- Credit card guarantee,GiftEarn CNY 25 in Ctrip C-Money,Non-refundableImmediate confirmation,CNY537,C-MoneySale,Free Wi-Fi,Free Internet,No Breakfast,2016-08-24 22:02:34
"http://english.ctrip.com/hotels/beijing-hotel-detail-374787/novotel-beijing-xinqiao/?city=1&checkin=2016-08-27&checkout=2016-08-28&label=LNyebX179k2a9IojXPuZSw&salestype=3&page=1&position=1&minprice=486&room=9024758&mincurr=CNY&abValue=M:43160616_enh_lrmd:B;#ctm_ref=lst_n_1_1,374787",Novotel Beijing Xinqiao,374787,12370451,PP' 0'0''''2''2''0,Prepay now,Free cancellation before 14:00 Aug 26 2016,Immediate confirmation,CNY551,Promotion code,Free Wi-Fi,Free Internet,No Breakfast,2016-08-24 22:02:34
"http://english.ctrip.com/hotels/beijing-hotel-detail-374787/novotel-beijing-xinqiao/?city=1&checkin=2016-08-27&checkout=2016-08-28&label=LNyebX179k2a9IojXPuZSw&salestype=3&page=1&position=1&minprice=486&room=9024758&mincurr=CNY&abValue=M:43160616_enh_lrmd:B;#ctm_ref=lst_n_1_1,374787",Novotel Beijing Xinqiao,374787,8891660,FG' 0'0''''2''3''0,Pay at hotelPrepay now- Credit card guarantee,Gift,Non-refundableImmediate confirmation,CNY569,,Free Wi-Fi,Free Internet,No Breakfast,2016-08-24 22:02:35
"http://english.ctrip.com/hotels/beijing-hotel-detail-374787/novotel-beijing-xinqiao/?city=1&checkin=2016-08-27&checkout=2016-08-28&label=LNyebX179k2a9IojXPuZSw&salestype=3&page=1&position=1&minprice=486&room=9024758&mincurr=CNY&abValue=M:43160616_enh_lrmd:B;#ctm_ref=lst_n_1_1,374787",Novotel Beijing Xinqiao,374787,17622966,FG' 0'0''''2''4''0,Pay at hotelPrepay now- Credit card guarantee,Gift,Non-refundableImmediate confirmation,CNY569,Sale,Free Wi-Fi,Free Internet,No Breakfast,2016-08-24 22:02:35
"http://english.ctrip.com/hotels/beijing-hotel-detail-374787/novotel-beijing-xinqiao/?city=1&checkin=2016-08-27&checkout=2016-08-28&label=LNyebX179k2a9IojXPuZSw&salestype=3&page=1&position=1&minprice=486&room=9024758&mincurr=CNY&abValue=M:43160616_enh_lrmd:B;#ctm_ref=lst_n_1_1,374787",Novotel Beijing Xinqiao,374787,17691,FG' 0'0''''2''5''0,Pay at hotelPrepay now- Credit card guarantee,Gift,Non-refundableImmediate confirmation,CNY632,,Free Wi-Fi,Free Internet,No Breakfast,2016-08-24 22:02:36
"http://english.ctrip.com/hotels/beijing-hotel-detail-374787/novotel-beijing-xinqiao/?city=1&checkin=2016-08-27&checkout=2016-08-28&label=LNyebX179k2a9IojXPuZSw&salestype=3&page=1&position=1&minprice=486&room=9024758&mincurr=CNY&abValue=M:43160616_enh_lrmd:B;#ctm_ref=lst_n_1_1,374787",Novotel Beijing Xinqiao,374787,13576749,FG' 0'0''''2''6''0,Pay at hotel- Credit card guarantee,Free cancellation before 00:00 Aug 27 2016,Confirmation within 14 hours,CNY633,,Free Wi-Fi,Free Internet,No Breakfast,2016-08-24 22:02:36
"http://english.ctrip.com/hotels/beijing-hotel-detail-374787/novotel-beijing-xinqiao/?city=1&checkin=2016-08-27&checkout=2016-08-28&label=LNyebX179k2a9IojXPuZSw&salestype=3&page=1&position=1&minprice=486&room=9024758&mincurr=CNY&abValue=M:43160616_enh_lrmd:B;#ctm_ref=lst_n_1_1,374787",Novotel Beijing Xinqiao,374787,13763874,FG' 0'0''''2''7''0,Pay at hotel- Credit card guarantee,Free cancellation before 00:00 Aug 26 2016,Confirmation within 14 hours,CNY633,,Free Wi-Fi,Free Internet,No Breakfast,2016-08-24 22:02:37
"http://english.ctrip.com/hotels/beijing-hotel-detail-374787/novotel-beijing-xinqiao/?city=1&checkin=2016-08-27&checkout=2016-08-28&label=LNyebX179k2a9IojXPuZSw&salestype=3&page=1&position=1&minprice=486&room=9024758&mincurr=CNY&abValue=M:43160616_enh_lrmd:B;#ctm_ref=lst_n_1_1,374787",Novotel Beijing Xinqiao,374787,13029862,PP' 0'0''''2''8''0,Prepay now,Free cancellation before 14:00 Aug 26 2016,Immediate confirmation,CNY691,Promotion code,Free Wi-Fi,Free Internet,Breakfast,2016-08-24 22:02:37
"http://english.ctrip.com/hotels/beijing-hotel-detail-374787/novotel-beijing-xinqiao/?city=1&checkin=2016-08-27&checkout=2016-08-28&label=LNyebX179k2a9IojXPuZSw&salestype=3&page=1&position=1&minprice=486&room=9024758&mincurr=CNY&abValue=M:43160616_enh_lrmd:B;#ctm_ref=lst_n_1_1,374787",Novotel Beijing Xinqiao,374787,17622967,FG' 0'0''''3''1''0,Pay at hotelPrepay now- Credit card guarantee,Gift,Non-refundableImmediate confirmation,CNY777,Sale,Free Wi-Fi,Free Internet,Breakfast,2016-08-24 22:02:38
"http://english.ctrip.com/hotels/beijing-hotel-detail-374787/novotel-beijing-xinqiao/?city=1&checkin=2016-08-27&checkout=2016-08-28&label=LNyebX179k2a9IojXPuZSw&salestype=3&page=1&position=1&minprice=486&room=9024758&mincurr=CNY&abValue=M:43160616_enh_lrmd:B;#ctm_ref=lst_n_1_1,374787",Novotel Beijing Xinqiao,374787,13576751,FG' 0'0''''3''2''0,Pay at hotel- Credit card guarantee,Free cancellation before 00:00 Aug 27 2016,Confirmation within 14 hours,CNY781,,Free Wi-Fi,Free Internet,No Breakfast,2016-08-24 22:02:38
"http://english.ctrip.com/hotels/beijing-hotel-detail-374787/novotel-beijing-xinqiao/?city=1&checkin=2016-08-27&checkout=2016-08-28&label=LNyebX179k2a9IojXPuZSw&salestype=3&page=1&position=1&minprice=486&room=9024758&mincurr=CNY&abValue=M:43160616_enh_lrmd:B;#ctm_ref=lst_n_1_1,374787",Novotel Beijing Xinqiao,374787,13763871,FG' 0'0''''3''3''0,Pay at hotel- Credit card guarantee,Free cancellation before 00:00 Aug 27 2016,Confirmation within 14 hours,CNY781,,Free Wi-Fi,Free Internet,No Breakfast,2016-08-24 22:02:39
"http://english.ctrip.com/hotels/beijing-hotel-detail-374787/novotel-beijing-xinqiao/?city=1&checkin=2016-08-27&checkout=2016-08-28&label=LNyebX179k2a9IojXPuZSw&salestype=3&page=1&position=1&minprice=486&room=9024758&mincurr=CNY&abValue=M:43160616_enh_lrmd:B;#ctm_ref=lst_n_1_1,374787",Novotel Beijing Xinqiao,374787,18390,FG' 0'0''''3''4''0,Pay at hotelPrepay now- Credit card guarantee,Gift,Non-refundableImmediate confirmation,CNY864,,Free Wi-Fi,Free Internet,Breakfast,2016-08-24 22:02:39
"http://english.ctrip.com/hotels/beijing-hotel-detail-374787/novotel-beijing-xinqiao/?city=1&checkin=2016-08-27&checkout=2016-08-28&label=LNyebX179k2a9IojXPuZSw&salestype=3&page=1&position=1&minprice=486&room=9024758&mincurr=CNY&abValue=M:43160616_enh_lrmd:B;#ctm_ref=lst_n_1_1,374787",Novotel Beijing Xinqiao,374787,31660146,PP' 0'0''''3''5''0,Prepay now,,Non-refundableConfirmation within 14 hours,CNY864,SalePromotion code,Free Wi-Fi,Free Internet,Breakfast,2016-08-24 22:02:40
"http://english.ctrip.com/hotels/beijing-hotel-detail-374787/novotel-beijing-xinqiao/?city=1&checkin=2016-08-27&checkout=2016-08-28&label=LNyebX179k2a9IojXPuZSw&salestype=3&page=1&position=1&minprice=486&room=9024758&mincurr=CNY&abValue=M:43160616_enh_lrmd:B;#ctm_ref=lst_n_1_1,374787",Novotel Beijing Xinqiao,374787,446174,FG' 0'0''''3''6''0,Pay at hotelPrepay now,Free cancellation,Immediate confirmation,CNY916,,Free Wi-Fi,Free Internet,No Breakfast,2016-08-24 22:02:40
"http://english.ctrip.com/hotels/beijing-hotel-detail-374787/novotel-beijing-xinqiao/?city=1&checkin=2016-08-27&checkout=2016-08-28&label=LNyebX179k2a9IojXPuZSw&salestype=3&page=1&position=1&minprice=486&room=9024758&mincurr=CNY&abValue=M:43160616_enh_lrmd:B;#ctm_ref=lst_n_1_1,374787",Novotel Beijing Xinqiao,374787,10856711,FG' 0'0''''3''7''0,Pay at hotelPrepay now- Credit card guarantee,,Non-refundableImmediate confirmation,CNY916,,Free Wi-Fi,Free Internet,Breakfast,2016-08-24 22:02:41
"http://english.ctrip.com/hotels/beijing-hotel-detail-374787/novotel-beijing-xinqiao/?city=1&checkin=2016-08-27&checkout=2016-08-28&label=LNyebX179k2a9IojXPuZSw&salestype=3&page=1&position=1&minprice=486&room=9024758&mincurr=CNY&abValue=M:43160616_enh_lrmd:B;#ctm_ref=lst_n_1_1,374787",Novotel Beijing Xinqiao,374787,5888321,PP' 0'0''''3''8''0,Prepay now,Free cancellation before 18:00 Aug 26 2016,Immediate confirmation,CNY960,Promotion code,Free Wi-Fi,Free Internet,Breakfast,2016-08-24 22:02:41
"http://english.ctrip.com/hotels/beijing-hotel-detail-374787/novotel-beijing-xinqiao/?city=1&checkin=2016-08-27&checkout=2016-08-28&label=LNyebX179k2a9IojXPuZSw&salestype=3&page=1&position=1&minprice=486&room=9024758&mincurr=CNY&abValue=M:43160616_enh_lrmd:B;#ctm_ref=lst_n_1_1,374787",Novotel Beijing Xinqiao,374787,17622968,FG' 0'0''''4''1''0,Pay at hotelPrepay now- Credit card guarantee,Gift,Non-refundable,CNY854,Sale,Free Wi-Fi,Free Internet,Breakfast,2016-08-24 22:02:42
"http://english.ctrip.com/hotels/beijing-hotel-detail-374787/novotel-beijing-xinqiao/?city=1&checkin=2016-08-27&checkout=2016-08-28&label=LNyebX179k2a9IojXPuZSw&salestype=3&page=1&position=1&minprice=486&room=9024758&mincurr=CNY&abValue=M:43160616_enh_lrmd:B;#ctm_ref=lst_n_1_1,374787",Novotel Beijing Xinqiao,374787,13576752,FG' 0'0''''4''2''0,Pay at hotel- Credit card guarantee,Free cancellation before 00:00 Aug 27 2016,Confirmation within 14 hours,CNY868,,Free Wi-Fi,Free Internet,No Breakfast,2016-08-24 22:02:42
"http://english.ctrip.com/hotels/beijing-hotel-detail-374787/novotel-beijing-xinqiao/?city=1&checkin=2016-08-27&checkout=2016-08-28&label=LNyebX179k2a9IojXPuZSw&salestype=3&page=1&position=1&minprice=486&room=9024758&mincurr=CNY&abValue=M:43160616_enh_lrmd:B;#ctm_ref=lst_n_1_1,374787",Novotel Beijing Xinqiao,374787,18391,FG' 0'0''''4''3''0,Pay at hotelPrepay now,Free cancellation,,CNY949,,Free Wi-Fi,Free Internet,No Breakfast,2016-08-24 22:02:43
"http://english.ctrip.com/hotels/beijing-hotel-detail-374787/novotel-beijing-xinqiao/?city=1&checkin=2016-08-27&checkout=2016-08-28&label=LNyebX179k2a9IojXPuZSw&salestype=3&page=1&position=1&minprice=486&room=9024758&mincurr=CNY&abValue=M:43160616_enh_lrmd:B;#ctm_ref=lst_n_1_1,374787",Novotel Beijing Xinqiao,374787,229420,FG' 0'0''''4''4''0,Pay at hotelPrepay now- Credit card guarantee,Gift,Non-refundable,CNY949,,Free Wi-Fi,Free Internet,Breakfast,2016-08-24 22:02:43
"http://english.ctrip.com/hotels/beijing-hotel-detail-374787/novotel-beijing-xinqiao/?city=1&checkin=2016-08-27&checkout=2016-08-28&label=LNyebX179k2a9IojXPuZSw&salestype=3&page=1&position=1&minprice=486&room=9024758&mincurr=CNY&abValue=M:43160616_enh_lrmd:B;#ctm_ref=lst_n_1_1,374787",Novotel Beijing Xinqiao,374787,3343885,PP' 0'0''''4''5''0,Prepay now,,Non-refundable,CNY960,Promotion code,Free Wi-Fi,Free Internet,Breakfast,2016-08-24 22:02:44
"http://english.ctrip.com/hotels/beijing-hotel-detail-374787/novotel-beijing-xinqiao/?city=1&checkin=2016-08-27&checkout=2016-08-28&label=LNyebX179k2a9IojXPuZSw&salestype=3&page=1&position=1&minprice=486&room=9024758&mincurr=CNY&abValue=M:43160616_enh_lrmd:B;#ctm_ref=lst_n_1_1,374787",Novotel Beijing Xinqiao,374787,10856713,FG' 0'0''''4''6''0,Pay at hotelPrepay now- Credit card guarantee,,Non-refundable,CNY1002,,Free Wi-Fi,Free Internet,Breakfast,2016-08-24 22:02:44
"http://english.ctrip.com/hotels/beijing-hotel-detail-374787/novotel-beijing-xinqiao/?city=1&checkin=2016-08-27&checkout=2016-08-28&label=LNyebX179k2a9IojXPuZSw&salestype=3&page=1&position=1&minprice=486&room=9024758&mincurr=CNY&abValue=M:43160616_enh_lrmd:B;#ctm_ref=lst_n_1_1,374787",Novotel Beijing Xinqiao,374787,29230038,PP' 0'0''''4''7''0,Prepay now,,Non-refundableConfirmation within 14 hours,CNY1016,Promotion code,Free Wi-Fi,Free Internet,Breakfast,2016-08-24 22:02:45
"http://english.ctrip.com/hotels/beijing-hotel-detail-374787/novotel-beijing-xinqiao/?city=1&checkin=2016-08-27&checkout=2016-08-28&label=LNyebX179k2a9IojXPuZSw&salestype=3&page=1&position=1&minprice=486&room=9024758&mincurr=CNY&abValue=M:43160616_enh_lrmd:B;#ctm_ref=lst_n_1_1,374787",Novotel Beijing Xinqiao,374787,10636789,PP' 0'0''''4''8''0,Prepay now,Free cancellation before 18:00 Aug 25 2016,Immediate confirmation,CNY1017,Promotion code,Free Wi-Fi,Free Internet,Breakfast,2016-08-24 22:02:45
